{
  "plastic": {
    "mean": {
      "fz": 0.21632189134057275,
      "fy": 0.18891677695635534,
      "fxl": 0.12739173912522314,
      "nir": 0.018330711426961705,
      "vis_tl": 0.11077281297031376,
      "vis_br": 0.3035585038076008,
      "saturated": 1.6938782026828947e-05,
      "gain": 0.034690625590945684
    },
    "std": {
      "fz": 0.0006316343501837188,
      "fy": 0.0005854632966945194,
      "fxl": 0.0002044429980022847,
      "nir": 0.0001026886163774285,
      "vis_tl": 9.45118890369323e-05,
      "vis_br": 0.0010548424286641396,
      "saturated": 5.8817303101077696e-08,
      "gain": 0.00012045783675100712
    },
    "n": 12
  },
  "glass": {
    "mean": {
      "fz": 0.17806146933818998,
      "fy": 0.15739870372479,
      "fxl": 0.10798295700928948,
      "nir": 0.015261679409261257,
      "vis_tl": 0.1037973669645221,
      "vis_br": 0.39260822335446455,
      "saturated": 2.1908052805994485e-05,
      "gain": 0.044867692146676706
    },
    "std": {
      "fz": 0.000710322717701982,
      "fy": 0.00104135636522871,
      "fxl": 0.0007354414083242367,
      "nir": 0.00040342642144275545,
      "vis_tl": 0.00020533833763982618,
      "vis_br": 0.0019641832701521636,
      "saturated": 1.0978143807411011e-07,
      "gain": 0.0002248323851757775
    },
    "n": 11
  }
}