{
  "plastic": {
    "mean": {
      "fz": 0.13334532069774913,
      "fy": 0.06801174047461606,
      "fxl": 0.04731441118960933,
      "nir": 0.02632830272109008,
      "vis_tl": 0.09711275264811854,
      "vis_br": 0.5634628851261633,
      "saturated": 3.1441965418571806e-05,
      "gain": 0.06439314517723506
    },
    "std": {
      "fz": 0.0003061050319457477,
      "fy": 0.0001853196220698328,
      "fxl": 0.0001440984229490993,
      "nir": 0.0001374131802505484,
      "vis_tl": 0.00010219973287963257,
      "vis_br": 0.0002927985552346034,
      "saturated": 1.6539640152465122e-08,
      "gain": 3.387318303224857e-05
    },
    "n": 11
  },
  "glass": {
    "mean": {
      "fz": 0.1186830524105913,
      "fy": 0.05859178149427696,
      "fxl": 0.04141450925591693,
      "nir": 0.020337957761002123,
      "vis_tl": 0.09305794753104758,
      "vis_br": 0.5993838030351989,
      "saturated": 3.3446046125898577e-05,
      "gain": 0.06849750246584028
    },
    "std": {
      "fz": 0.0003503109778008163,
      "fy": 0.00021391785182674105,
      "fxl": 0.0001264388946279346,
      "nir": 7.493367097499144e-05,
      "vis_tl": 0.00019044420827157255,
      "vis_br": 0.0004396748221778145,
      "saturated": 2.4711963240985643e-08,
      "gain": 5.0610100717538596e-05
    },
    "n": 12
  }
}