{
  "plastic": {
    "mean": {
      "fz": 0.1734820731684025,
      "fy": 0.16361678532539203,
      "fxl": 0.11326269594341487,
      "nir": 0.05457096907120982,
      "vis_tl": 0.11181854403590503,
      "vis_br": 0.34392576427057575,
      "saturated": 1.919139491708148e-05,
      "gain": 0.03930397679018287
    },
    "std": {
      "fz": 0.0008102176347728185,
      "fy": 0.00040192932301618295,
      "fxl": 0.00032757821080864216,
      "nir": 0.0036469851091920813,
      "vis_tl": 0.0003389441412022965,
      "vis_br": 0.00248275779254856,
      "saturated": 1.387367638838561e-07,
      "gain": 0.0002841328924341373
    },
    "n": 12
  },
  "glass": {
    "mean": {
      "fz": 0.15272846210697566,
      "fy": 0.14762993944597816,
      "fxl": 0.10239695344861141,
      "nir": 0.06819103712193529,
      "vis_tl": 0.11241100343444234,
      "vis_br": 0.373893445879124,
      "saturated": 2.086342536014307e-05,
      "gain": 0.04272829513757301
    },
    "std": {
      "fz": 0.00032668779440262315,
      "fy": 0.000979401420042563,
      "fxl": 0.0007646795877588109,
      "nir": 0.0023593731698580167,
      "vis_tl": 0.0005488796427346855,
      "vis_br": 0.003165646837900736,
      "saturated": 1.7664454204010464e-07,
      "gain": 0.0003617680220981343
    },
    "n": 11
  }
}