{
  "plastic": {
    "mean": {
      "fz": 0.12964708727174096,
      "fy": 0.1075177855937945,
      "fxl": 0.07631173915843806,
      "nir": 0.12412655484827494,
      "vis_tl": 0.11639478695764041,
      "vis_br": 0.4002400777582364,
      "saturated": 2.2333805959919356e-05,
      "gain": 0.04573963460591484
    },
    "std": {
      "fz": 0.00024232923466351687,
      "fy": 0.0003945555562258003,
      "fxl": 0.00030763806043977563,
      "nir": 0.0003112930578841286,
      "vis_tl": 0.0002027732132239266,
      "vis_br": 0.0008289638616980347,
      "saturated": 4.620442610467964e-08,
      "gain": 9.46266646623839e-05
    },
    "n": 11
  },
  "glass": {
    "mean": {
      "fz": 0.12468440951839574,
      "fy": 0.10112956209977746,
      "fxl": 0.07201798286256383,
      "nir": 0.10135552801530494,
      "vis_tl": 0.11331798371291756,
      "vis_br": 0.43747523634171626,
      "saturated": 2.4411565373023023e-05,
      "gain": 0.04999488588395115
    },
    "std": {
      "fz": 0.0004447549396213785,
      "fy": 0.0002571606753097603,
      "fxl": 0.0001970521697167834,
      "nir": 0.000465936732558465,
      "vis_tl": 0.00014875664602257723,
      "vis_br": 0.0009062131089135264,
      "saturated": 5.024748124451272e-08,
      "gain": 0.00010290684158876205
    },
    "n": 11
  }
}