{
  "plastic": {
    "mean": {
      "fz": 0.1757735284125245,
      "fy": 0.16338420391361508,
      "fxl": 0.11224421183629665,
      "nir": 0.09322893904616845,
      "vis_tl": 0.11883342458121639,
      "vis_br": 0.30200565869510887,
      "saturated": 1.6852139343616453e-05,
      "gain": 0.034513181375726495
    },
    "std": {
      "fz": 0.0002655199836764928,
      "fy": 0.0001981657191034826,
      "fxl": 0.00010926300897884757,
      "nir": 0.00011436927747360262,
      "vis_tl": 8.69640091758732e-05,
      "vis_br": 0.00035282908428015315,
      "saturated": 1.961298546728742e-08,
      "gain": 4.016739423700464e-05
    },
    "n": 11
  },
  "glass": {
    "mean": {
      "fz": 0.1659338269505973,
      "fy": 0.15458281076123498,
      "fxl": 0.10737170993224009,
      "nir": 0.06883382983350522,
      "vis_tl": 0.11626190457245184,
      "vis_br": 0.3473063922831747,
      "saturated": 1.9379953961344965e-05,
      "gain": 0.03969014571283449
    },
    "std": {
      "fz": 0.000588165024161964,
      "fy": 0.0002342401832213817,
      "fxl": 0.000200381599854179,
      "nir": 0.0002070631843749148,
      "vis_tl": 0.0002234008008625959,
      "vis_br": 0.0005027637534403905,
      "saturated": 2.8085259063591382e-08,
      "gain": 5.751861056223515e-05
    },
    "n": 11
  }
}