{
  "plastic": {
    "mean": {
      "fz": 0.14563992536749126,
      "fy": 0.0758645873510689,
      "fxl": 0.05312205809135087,
      "nir": 0.02849487319247855,
      "vis_tl": 0.10361212805830962,
      "vis_br": 0.5323949752178373,
      "saturated": 2.9707883221797736e-05,
      "gain": 0.060841744838241764
    },
    "std": {
      "fz": 0.0007751139935360848,
      "fy": 0.002551255749220403,
      "fxl": 0.001855295056719731,
      "nir": 0.002178314604348758,
      "vis_tl": 0.0008677337120261342,
      "vis_br": 0.007314272274744915,
      "saturated": 4.081397396766304e-07,
      "gain": 0.0008358701868577391
    },
    "n": 12
  },
  "glass": {
    "mean": {
      "fz": 0.1366412958027984,
      "fy": 0.06545353385626733,
      "fxl": 0.04632029374318031,
      "nir": 0.02128985022495883,
      "vis_tl": 0.10290138622255929,
      "vis_br": 0.5630197987203952,
      "saturated": 3.14171993313034e-05,
      "gain": 0.06434242423050936
    },
    "std": {
      "fz": 0.0006082383938261932,
      "fy": 0.0016514510252316104,
      "fxl": 0.0011643353739432829,
      "nir": 0.0012512576236562193,
      "vis_tl": 0.0005477629417220673,
      "vis_br": 0.004524325834924462,
      "saturated": 2.522960961647636e-07,
      "gain": 0.0005167024049454359
    },
    "n": 12
  }
}