{
  "plastic": {
    "mean": {
      "fz": 0.14586254870503798,
      "fy": 0.056954576362152586,
      "fxl": 0.03973234346721446,
      "nir": 0.0015109224251495803,
      "vis_tl": 0.09898690904674536,
      "vis_br": 0.5835360823637935,
      "saturated": 3.583046248409302e-05,
      "gain": 0.07338078716742251
    },
    "std": {
      "fz": 0.000678556963055908,
      "fy": 0.00013604356392614046,
      "fxl": 0.00013743740239228835,
      "nir": 4.4067233979797705e-05,
      "vis_tl": 0.0003097000729230999,
      "vis_br": 0.0013502922910559525,
      "saturated": 1.5739765904269133e-07,
      "gain": 0.00032235040571943185
    },
    "n": 12
  },
  "glass": {
    "mean": {
      "fz": 0.14673333783229567,
      "fy": 0.05477796088556149,
      "fxl": 0.03870912045897059,
      "nir": 0.001361937137002493,
      "vis_tl": 0.10708386710813216,
      "vis_br": 0.5710674007873778,
      "saturated": 0.0,
      "gain": 0.08026637579065983
    },
    "std": {
      "fz": 0.00043695219751156494,
      "fy": 0.0001945366688002351,
      "fxl": 8.939823435543104e-05,
      "nir": 2.3123655613792068e-05,
      "vis_tl": 0.00015678016426742367,
      "vis_br": 0.0003983960351757544,
      "saturated": 0.0,
      "gain": 0.0001013393063142176
    },
    "n": 12
  }
}