{
  "plastic": {
    "mean": {
      "fz": 0.1626714120118933,
      "fy": 0.12430860098867157,
      "fxl": 0.08743398595173359,
      "nir": 0.06637306710830836,
      "vis_tl": 0.12164347375344736,
      "vis_br": 0.3926731244863463,
      "saturated": 2.191134001932628e-05,
      "gain": 0.04487442435958022
    },
    "std": {
      "fz": 0.0002537421280889084,
      "fy": 0.000251200987712009,
      "fxl": 0.00013396779401280342,
      "nir": 0.00022977672936919577,
      "vis_tl": 0.00017314174098199609,
      "vis_br": 0.0005102682777463435,
      "saturated": 2.847320337851436e-08,
      "gain": 5.831312051919741e-05
    },
    "n": 11
  },
  "glass": {
    "mean": {
      "fz": 0.14967452160444902,
      "fy": 0.12134878398842265,
      "fxl": 0.08542423225297452,
      "nir": 0.049246920480896295,
      "vis_tl": 0.11199564779648155,
      "vis_br": 0.43282301493068115,
      "saturated": 2.415172227725468e-05,
      "gain": 0.04946272722381759
    },
    "std": {
      "fz": 0.0003263178120656423,
      "fy": 0.0001768813840772267,
      "fxl": 0.0001934060889195362,
      "nir": 0.0004583117252232077,
      "vis_tl": 0.00013184061007734917,
      "vis_br": 0.0006212112909177983,
      "saturated": 3.466387427698281e-08,
      "gain": 7.09916145192608e-05
    },
    "n": 11
  }
}